City_ID,City,Country,Lat,Lng,Max Temp,Humidity,Cloudiness,Wind Speed,Current Description
0,Castro,BR,-24.7911,-50.0119,72.68,76,74,4.81,broken clouds
1,Rikitea,PF,-23.1203,-134.9692,78.57,72,54,10.65,broken clouds
2,Khatanga,RU,71.9667,102.5,3.67,80,100,17.74,overcast clouds
3,Tasiilaq,GL,65.6145,-37.6368,11.48,80,100,8.63,overcast clouds
4,Vaini,TO,-21.2,-175.2,79.88,82,67,24.11,broken clouds
5,La Palma,US,33.8464,-118.0467,83.5,26,45,1.99,scattered clouds
6,Coruripe,BR,-10.1256,-36.1756,82.65,68,0,13.29,clear sky
7,Hilo,US,19.7297,-155.09,76.24,71,40,6.91,scattered clouds
8,Coromandel,BR,-18.4733,-47.2003,68.47,94,100,3.69,overcast clouds
9,Lumby,CA,50.2498,-118.969,43.66,85,100,5.75,overcast clouds
10,Vao,NC,-22.6667,167.4833,80.58,87,40,23.38,scattered clouds
11,Souillac,MU,-20.5167,57.5167,76.35,88,40,3.44,scattered clouds
12,La Brea,HN,15.8,-85.9667,81.91,65,40,5.75,scattered clouds
13,Port Elizabeth,ZA,-33.918,25.5701,62.89,94,0,6.91,clear sky
14,Jamestown,US,42.097,-79.2353,26.53,59,100,11.5,overcast clouds
15,Te Anau,NZ,-45.4167,167.7167,58.73,82,81,1.14,broken clouds
16,Ribeira Grande,PT,38.5167,-28.7,57.6,82,40,5.75,scattered clouds
17,Vostok,RU,46.4856,135.8833,-4.31,99,99,3.85,overcast clouds
18,Aljezur,PT,37.3191,-8.8033,55.6,83,0,12.21,clear sky
19,Cherskiy,RU,68.75,161.3,-41.91,100,86,4.54,overcast clouds
20,Ushuaia,AR,-54.8,-68.3,58.62,47,40,12.66,scattered clouds
21,Hambantota,LK,6.1241,81.1185,76.37,66,100,14.36,overcast clouds
22,New Norfolk,AU,-42.7826,147.0587,54.91,74,52,3.0,broken clouds
23,Hasaki,JP,35.7333,140.8333,30.6,66,94,13.29,overcast clouds
24,Saint-Philippe,RE,-21.3585,55.7679,76.59,85,58,9.13,broken clouds
25,Tibati,CM,6.4667,12.6333,71.58,21,9,5.64,clear sky
26,Mataura,NZ,-46.1927,168.8643,51.48,93,100,3.42,overcast clouds
27,Nikolskoye,RU,59.7035,30.7861,28.29,96,100,4.81,overcast clouds
28,Bluff,NZ,-46.6,168.3333,51.8,89,100,11.43,overcast clouds
29,Fort Nelson,CA,58.8053,-122.7002,0.99,78,100,4.61,overcast clouds
30,Kapaa,US,22.0752,-159.319,77.11,67,1,5.99,clear sky
31,Bredasdorp,ZA,-34.5322,20.0403,69.12,73,8,9.22,clear sky
32,Ampanihy,MG,-24.7,44.75,74.79,86,92,13.06,overcast clouds
33,Fortuna,US,40.5982,-124.1573,61.93,71,0,4.61,clear sky
34,Bathsheba,BB,13.2167,-59.5167,83.01,57,40,17.27,scattered clouds
35,Lavrentiya,RU,65.5833,-171.0,-26.82,96,45,13.02,scattered clouds
36,Punta Arenas,CL,-53.15,-70.9167,57.31,44,40,21.85,scattered clouds
37,Atuona,PF,-9.8,-139.0333,78.21,79,18,16.51,few clouds
38,Tura,IN,25.5198,90.2201,54.01,73,4,3.22,clear sky
39,Victoria Point,AU,-27.5833,153.3,66.9,88,15,6.46,few clouds
40,Salalah,OM,17.0151,54.0924,67.48,25,45,14.16,scattered clouds
41,Manono,CD,-7.3,27.4167,70.23,95,90,3.65,light rain
42,Along,IN,28.1667,94.7667,48.29,90,57,1.97,broken clouds
43,Haines Junction,CA,60.7522,-137.5108,31.95,74,98,6.91,overcast clouds
44,Avarua,CK,-21.2078,-159.775,80.65,83,40,9.22,scattered clouds
45,Saskylakh,RU,71.9167,114.0833,1.38,85,100,14.29,overcast clouds
46,Martaban,MM,16.5314,97.6111,68.61,60,98,3.38,overcast clouds
47,Hithadhoo,MV,-0.6,73.0833,82.63,69,100,15.05,overcast clouds
48,Qaanaaq,GL,77.484,-69.3632,-12.55,92,100,4.97,overcast clouds
49,Puerto Ayacucho,VE,5.6639,-67.6236,86.77,60,100,4.83,overcast clouds
50,Hamilton,US,39.1834,-84.5333,46.2,54,8,5.01,clear sky
51,Kondinskoye,RU,59.6481,67.41,0.91,99,78,6.73,broken clouds
52,Manyana,BW,-23.4,21.7167,78.44,35,91,5.55,overcast clouds
53,Beira,MZ,-19.8436,34.8389,77.04,74,22,6.35,few clouds
54,Lebu,CL,-37.6167,-73.65,65.39,80,34,18.63,scattered clouds
55,Busselton,AU,-33.65,115.3333,55.04,83,0,7.34,clear sky
56,Piranhas,BR,-16.4269,-51.8222,81.0,80,88,4.88,light rain
57,Narsaq,GL,60.9167,-46.05,1.62,67,18,5.48,few clouds
58,Manzhouli,CN,49.6,117.4333,0.81,97,78,7.7,broken clouds
59,Yar-Sale,RU,66.8333,70.8333,0.07,89,100,16.28,overcast clouds
60,Upernavik,GL,72.7868,-56.1549,-15.92,92,100,5.91,overcast clouds
61,Port Alfred,ZA,-33.5906,26.891,73.26,86,9,5.73,clear sky
62,Chickasha,US,35.0526,-97.9364,65.28,25,0,18.41,clear sky
63,Svetlogorsk,BY,52.6333,29.7333,26.17,92,97,8.23,overcast clouds
64,Geraldton,AU,-28.7667,114.6,64.81,77,0,12.66,clear sky
65,Rafaela,AR,-31.2503,-61.4867,90.0,28,0,3.0,clear sky
66,Isangel,VU,-19.55,169.2667,79.63,89,100,20.56,moderate rain
67,Vestmannaeyjar,IS,63.4427,-20.2734,34.48,88,100,17.11,snow
68,Hermanus,ZA,-34.4187,19.2345,68.81,92,56,7.58,broken clouds
69,Kyren,RU,51.6828,102.1408,5.16,99,100,0.94,light snow
70,Tiksi,RU,71.6872,128.8694,-21.82,99,63,8.5,broken clouds
71,Chokurdakh,RU,70.6333,147.9167,-43.89,100,97,5.35,overcast clouds
72,Pisco,PE,-13.7,-76.2167,76.01,78,0,10.36,clear sky
73,Nemuro,JP,43.3236,145.575,23.2,73,80,12.82,broken clouds
74,Ilulissat,GL,69.2167,-51.1,-18.71,86,16,9.46,few clouds
75,Ponta Do Sol,PT,32.6667,-17.1,68.0,56,24,9.01,few clouds
76,Cobija,BO,-11.0267,-68.7692,75.58,85,100,1.32,overcast clouds
77,Port Lincoln,AU,-34.7333,135.8667,65.32,77,100,9.6,overcast clouds
78,Malindi,KE,-3.2175,40.1191,77.34,86,12,13.0,few clouds
79,Tuktoyaktuk,CA,69.4541,-133.0374,-37.82,100,56,4.72,broken clouds
80,Esperance,AU,-33.8667,121.9,60.75,70,20,5.64,few clouds
81,Talnakh,RU,69.4865,88.3972,-8.41,96,100,11.18,overcast clouds
82,Emerald,AU,-23.5333,148.1667,68.34,77,99,7.63,overcast clouds
83,Cayenne,GF,4.9333,-52.3333,83.08,80,20,3.0,few clouds
84,Jaisalmer,IN,26.9147,70.9181,63.27,48,22,11.54,few clouds
85,Moirang,IN,24.5,93.7667,45.23,91,4,0.63,clear sky
86,Matagami,CA,49.7502,-77.6328,23.11,86,100,4.61,light snow
87,Taoudenni,ML,22.6783,-3.9836,72.82,10,0,12.19,clear sky
88,Hami,CN,42.8,93.45,24.89,40,0,4.54,clear sky
89,Arraial Do Cabo,BR,-22.9661,-42.0278,73.26,94,75,13.8,mist
90,Albany,US,42.6001,-73.9662,37.58,66,78,5.01,broken clouds
91,Gannan,CN,47.9147,123.5031,0.37,100,65,1.88,broken clouds
92,Krasnaya Gorbatka,RU,55.8703,41.7641,32.18,99,100,5.3,light snow
93,Longyearbyen,SJ,78.2186,15.6401,7.29,96,100,2.8,overcast clouds
94,Saint George,US,37.1041,-113.5841,66.67,23,0,3.44,clear sky
95,Chapais,CA,49.7834,-74.8492,22.78,85,100,6.49,overcast clouds
96,Chuy,UY,-33.6971,-53.4616,72.55,56,10,11.88,clear sky
97,Malakal,SS,9.5334,31.6605,80.15,21,14,5.32,few clouds
98,Barrow,US,71.2906,-156.7887,-30.98,100,0,8.05,haze
99,Neuquen,AR,-38.9516,-68.0591,94.08,10,39,7.81,scattered clouds
100,Pevek,RU,69.7008,170.3133,-32.17,100,49,5.26,scattered clouds
101,Cockburn Town,TC,21.4612,-71.1419,77.86,76,0,17.56,clear sky
102,La Tuque,CA,47.4334,-72.7824,30.31,94,100,3.6,light snow
103,Boden,SE,65.8252,21.6886,20.95,99,100,2.13,overcast clouds
104,Flinders,AU,-34.5833,150.8552,62.2,88,1,5.99,clear sky
105,Selfoss,IS,63.9331,-20.9971,30.49,94,100,6.38,snow
106,Viedma,AR,-40.8135,-62.9967,88.27,24,98,5.28,overcast clouds
107,Camacha,PT,33.0833,-16.3333,64.53,82,0,11.5,clear sky
108,Sungaipenuh,ID,-2.0833,101.3833,64.63,91,100,1.12,overcast clouds
109,San Matias,BO,-16.3667,-58.4,83.14,76,94,0.85,moderate rain
110,Porto Novo,BJ,6.4965,2.6036,84.02,82,96,8.16,overcast clouds
111,Lerwick,GB,60.1545,-1.1494,42.8,79,100,33.98,overcast clouds
112,Assiniboia,CA,49.6334,-105.9845,37.31,75,100,20.71,overcast clouds
113,Iralaya,HN,15.0,-83.2333,81.0,60,13,11.97,few clouds
114,Axim,GH,4.8699,-2.2405,79.14,85,30,9.04,scattered clouds
115,Constitucion,CL,-35.3333,-72.4167,72.82,58,14,19.77,few clouds
116,Mar Del Plata,AR,-38.0023,-57.5575,69.82,79,0,13.8,clear sky
117,Sitka,US,57.0531,-135.33,42.19,98,100,12.01,moderate rain
118,Pathein,MM,16.7833,94.7333,63.9,69,61,6.15,broken clouds
119,Bethel,US,41.3712,-73.414,40.93,78,70,3.0,broken clouds
120,Bardsir,IR,29.9227,56.5743,39.07,33,0,3.13,clear sky
121,Butaritari,KI,3.0707,172.7902,81.63,77,85,14.18,overcast clouds
122,Calatayud,ES,41.3535,-1.6432,48.78,63,4,1.14,clear sky
123,Aripuana,BR,-9.1667,-60.6333,74.1,97,100,0.43,light rain
124,San Ramon,US,37.7799,-121.978,70.56,41,0,8.99,clear sky
125,Thompson,CA,55.7435,-97.8558,28.67,92,100,11.27,overcast clouds
126,Puerto Colombia,CO,10.9878,-74.9547,81.19,76,10,19.98,clear sky
127,Nchelenge,ZM,-9.3451,28.734,71.64,81,86,4.32,light rain
128,Airai,TL,-8.9266,125.4092,60.71,96,100,1.59,overcast clouds
129,Caravelas,BR,-17.7125,-39.2481,81.05,74,100,8.48,overcast clouds
130,Guerrero Negro,MX,27.9769,-114.0611,72.95,22,57,4.47,broken clouds
131,Alwar,IN,27.5667,76.6,58.23,76,61,3.74,broken clouds
132,Marsa Matruh,EG,31.3525,27.2453,56.26,75,65,24.07,broken clouds
133,Puerto Ayora,EC,-0.7393,-90.3518,82.36,70,55,10.89,broken clouds
134,Alta Floresta,BR,-9.8756,-56.0861,84.02,84,75,5.75,broken clouds
135,Comarapa,BO,-17.9,-64.4833,67.1,59,98,5.37,overcast clouds
136,Cehegin,ES,38.0924,-1.7985,48.24,84,0,3.27,clear sky
137,Dunedin,NZ,-45.8742,170.5036,57.79,89,100,4.0,overcast clouds
138,Searcy,US,35.2506,-91.7363,63.01,32,0,9.22,clear sky
139,Klaksvik,FO,62.2266,-6.589,34.72,68,99,40.04,overcast clouds
140,Florida,US,28.7505,-82.5001,54.01,94,100,6.91,drizzle
141,Mundo Nuevo,MX,18.7,-95.5,64.02,80,100,23.24,overcast clouds
142,Bacalar,MX,18.6667,-88.3833,74.7,83,95,4.0,overcast clouds
143,Chalmette,US,29.9427,-89.9634,63.12,45,0,3.44,clear sky
144,Marrakesh,MA,31.6315,-8.0083,71.67,28,40,13.8,scattered clouds
145,Lata,PT,40.1629,-8.3327,55.08,62,0,4.05,clear sky
146,Dicabisagan,PH,17.0818,122.4157,74.17,85,61,2.62,broken clouds
147,Gladstone,AU,-23.85,151.25,67.93,83,3,4.61,clear sky
148,Maragogi,BR,-9.0122,-35.2225,81.79,71,0,12.15,clear sky
149,Bilibino,RU,68.0546,166.4372,-25.85,74,14,2.06,few clouds
150,Dukat,RU,62.55,155.55,-20.99,66,95,2.53,overcast clouds
151,Biak,ID,-0.9131,122.8766,75.0,81,100,2.04,overcast clouds
152,Alamor,EC,-4.0181,-80.0197,65.37,84,100,4.23,light rain
153,Adrar,MR,20.5022,-10.0711,71.4,10,81,10.22,broken clouds
154,Alice Springs,AU,-23.7,133.8833,72.95,88,100,0.0,overcast clouds
155,Inhambane,MZ,-23.865,35.3833,74.17,84,0,8.03,clear sky
156,Winona,US,43.9666,-91.7668,37.94,68,0,0.0,clear sky
157,Bara,NG,10.3744,10.7288,77.34,17,89,7.85,overcast clouds
158,Balkhash,KZ,46.844,74.9804,15.24,88,100,11.14,overcast clouds
159,Kpandae,GH,8.4689,-0.0113,87.62,14,34,2.75,scattered clouds
160,Kaitangata,NZ,-46.2817,169.8464,56.25,92,100,7.2,overcast clouds
161,Kodiak,US,57.79,-152.4072,27.68,77,43,6.82,scattered clouds
162,Sao Joao Da Barra,BR,-21.6403,-41.0511,77.59,87,64,4.38,light rain
163,San Cristobal,VE,7.7669,-72.225,81.68,52,71,5.64,broken clouds
164,Marawi,PH,7.9986,124.2928,65.64,93,100,1.95,heavy intensity rain
165,Salinopolis,BR,-0.6136,-47.3561,80.98,79,84,7.67,broken clouds
166,Faanui,PF,-16.4833,-151.75,81.68,77,14,17.72,few clouds
167,Meulaboh,ID,4.1363,96.1285,74.89,91,100,3.67,overcast clouds
168,Cape Town,ZA,-33.9258,18.4232,69.28,71,51,1.01,broken clouds
169,Vardo,NO,70.3705,31.1107,30.18,74,75,23.02,broken clouds
170,Norman Wells,CA,65.282,-126.8329,-22.45,93,99,1.07,overcast clouds
171,Tayshet,RU,55.9342,98.0044,-5.12,99,100,3.02,overcast clouds
172,Mount Isa,AU,-20.7333,139.5,73.17,100,1,4.61,clear sky
173,Springfield,US,37.2153,-93.2982,59.04,38,0,13.0,clear sky
174,Guaranda,EC,-1.6,-79.0,57.0,95,100,2.73,light rain
175,Medicine Hat,CA,50.0501,-110.6683,44.73,48,100,1.01,overcast clouds
176,Luderitz,NA,-26.6481,15.1594,73.72,70,53,9.48,broken clouds
177,Korla,CN,41.7597,86.1469,24.53,49,78,3.38,broken clouds
178,Eureka,US,40.8021,-124.1637,62.2,75,0,4.0,clear sky
179,San Rafael,AR,-34.6177,-68.3301,91.31,20,1,13.09,clear sky
180,Annau,TM,37.8876,58.516,44.28,48,0,2.24,clear sky
181,Beringovskiy,RU,63.05,179.3167,-21.98,91,5,12.3,clear sky
182,Trojanovice,CZ,49.5204,18.238,39.13,98,100,6.69,overcast clouds
183,Zhigalovo,RU,54.8097,105.1578,-3.1,100,99,2.01,overcast clouds
184,Sur,OM,22.5667,59.5289,69.8,54,0,8.9,clear sky
185,Yellowknife,CA,62.456,-114.3525,-12.59,88,98,4.23,overcast clouds
186,Merrill,US,45.1805,-89.6835,35.58,62,75,9.22,broken clouds
187,Soyo,AO,-6.1349,12.3689,78.42,82,9,8.52,clear sky
188,Broken Hill,AU,-31.95,141.4333,73.99,45,65,5.06,broken clouds
189,Labuhan,ID,-6.8844,112.2051,76.3,92,100,4.9,overcast clouds
190,Leningradskiy,RU,69.3833,178.4167,-27.35,80,12,3.6,few clouds
191,Mezen,RU,65.8522,44.24,16.97,93,100,10.78,overcast clouds
192,Lazaro Cardenas,MX,17.9583,-102.2,81.52,61,5,10.02,clear sky
193,Isiro,CD,2.7739,27.616,70.68,39,61,2.75,broken clouds
194,Cayeli,TR,41.0923,40.7292,54.0,62,100,4.63,overcast clouds
195,Georgetown,MY,5.4112,100.3354,78.73,88,20,0.0,heavy intensity rain
196,Catuday,PH,16.2923,119.8062,76.51,72,99,12.06,overcast clouds
197,Maniitsoq,GL,65.4167,-52.9,-2.54,84,99,18.72,overcast clouds
198,Belomorsk,RU,64.5232,34.7668,12.27,97,93,5.12,overcast clouds
199,Vila Velha,BR,-20.3297,-40.2925,83.95,72,25,10.0,scattered clouds
200,Santo Antonio Do Ica,BR,-3.1022,-67.9397,76.53,94,96,4.12,overcast clouds
201,Houma,US,29.5958,-90.7195,60.8,44,0,4.61,clear sky
202,Honiara,SB,-9.4333,159.95,78.42,89,100,6.82,overcast clouds
203,Sao Filipe,CV,14.8961,-24.4956,72.79,73,2,3.74,clear sky
204,Magadan,RU,59.5667,150.8,1.42,71,69,7.96,broken clouds
205,Cap Malheureux,MU,-19.9842,57.6142,75.69,78,69,1.99,broken clouds
206,Bambous Virieux,MU,-20.3428,57.7575,75.45,88,40,3.44,scattered clouds
207,Freetown,SL,8.484,-13.2299,77.54,78,7,9.26,clear sky
208,Lagoa,PT,39.05,-27.9833,59.56,71,72,6.67,broken clouds
209,Baiyin,CN,36.5583,104.2081,18.82,68,10,2.98,clear sky
210,Pedernales,DO,18.0384,-71.744,82.18,63,29,3.22,scattered clouds
211,Raudeberg,NO,61.9875,5.1352,39.87,83,100,34.9,overcast clouds
212,Alekseyevskaya,RU,50.2896,42.1845,33.82,92,100,15.08,overcast clouds
213,Lepe,ES,37.2548,-7.2043,59.11,80,0,10.54,clear sky
214,Monywa,MM,22.1167,95.1333,62.65,46,6,5.82,clear sky
215,Nerchinskiy Zavod,RU,51.3088,119.61,-15.23,100,92,3.22,overcast clouds
216,Fare,PF,-16.7,-151.0167,81.57,77,98,20.2,overcast clouds
217,Shingu,JP,33.7333,135.9833,34.92,83,100,6.02,overcast clouds
218,Namibe,AO,-15.1961,12.1522,73.87,78,100,10.74,overcast clouds
219,Saint Anthony,US,45.0205,-93.218,40.33,67,40,8.05,scattered clouds
220,Ocampo,MX,21.65,-101.5,61.66,27,15,11.39,few clouds
221,Naron,ES,43.5167,-8.1528,55.02,80,6,3.96,clear sky
222,Ruidoso,US,33.3317,-105.673,55.87,23,0,11.5,clear sky
223,Poya,NC,-21.35,165.15,79.57,90,98,14.2,overcast clouds
224,Yuyao,CN,30.05,121.1494,44.8,87,100,2.77,overcast clouds
225,Hobart,AU,-42.8794,147.3294,55.27,87,40,3.44,scattered clouds
226,Almendralejo,ES,38.6832,-6.4075,58.26,53,0,8.01,clear sky
227,Ilheus,BR,-14.7889,-39.0494,82.62,68,1,8.08,clear sky
228,Sinor,IN,21.9167,73.3333,65.8,62,5,5.64,clear sky
229,Provideniya,RU,64.3833,-173.3,-15.07,83,1,12.97,clear sky
230,Victoria,HK,22.2855,114.1577,62.26,84,100,8.99,overcast clouds
231,Flora,US,38.6689,-88.4856,51.1,59,0,12.66,clear sky
232,Padang,ID,-0.9492,100.3543,77.09,81,100,5.23,overcast clouds
233,Batemans Bay,AU,-35.7167,150.1833,63.19,88,5,3.76,clear sky
234,Sao Felix Do Xingu,BR,-6.6447,-51.995,85.33,69,42,2.17,light rain
235,Maceio,BR,-9.6658,-35.7353,85.44,61,20,13.8,few clouds
236,Olavarria,AR,-36.8927,-60.3225,77.02,51,10,5.82,clear sky
237,Najran,SA,17.4924,44.1277,56.82,33,2,2.48,clear sky
238,Rocha,UY,-34.4833,-54.3333,71.65,56,1,9.71,clear sky
239,Vila Franca Do Campo,PT,37.7167,-25.4333,59.2,76,98,7.49,overcast clouds
240,Puri,IN,19.8,85.85,68.52,70,59,6.08,broken clouds
241,Bubaque,GW,11.2833,-15.8333,78.3,74,5,14.38,clear sky
242,Carnarvon,AU,-24.8667,113.6333,75.99,63,0,20.22,clear sky
243,East London,ZA,-33.0153,27.9116,75.61,86,2,9.89,clear sky
244,Walvis Bay,NA,-22.9575,14.5053,72.09,77,53,3.83,broken clouds
245,Taganak,PH,6.0833,118.3,80.1,81,100,7.56,overcast clouds
246,West Bend,US,43.4253,-88.1834,40.15,57,0,9.22,clear sky
247,Kasongo-Lunda,CD,-6.4667,16.8167,70.7,93,100,0.45,overcast clouds
248,Nuevo Progreso,MX,23.1667,-97.95,69.55,24,44,1.99,scattered clouds
249,Menongue,AO,-14.6585,17.691,64.81,96,100,2.68,light rain
250,Finschhafen,PG,-6.6024,147.8681,79.81,82,100,10.69,overcast clouds
251,Asau,RO,46.4333,26.4,30.4,89,10,5.73,clear sky
252,Lompoc,US,34.6391,-120.4579,81.1,30,0,4.61,clear sky
253,Tevriz,RU,57.509,72.4042,-2.29,100,73,4.36,broken clouds
254,Severo-Kurilsk,RU,50.6789,156.125,30.47,92,95,27.96,light snow
255,Niimi,JP,34.9833,133.4667,28.4,90,100,2.64,overcast clouds
256,Price,US,39.5994,-110.8107,49.41,31,0,4.61,clear sky
257,Miraflores,MX,19.2167,-98.8083,66.87,38,32,10.2,scattered clouds
258,Banjar,ID,-8.19,114.9675,76.91,88,84,2.48,broken clouds
259,Kupang,ID,-10.1667,123.5833,79.5,80,99,1.01,overcast clouds
260,Kudahuvadhoo,MV,2.6708,72.8944,82.49,66,100,11.97,overcast clouds
261,Brindisi,IT,40.5833,17.6667,48.56,48,3,23.06,clear sky
262,El Prat De Llobregat,ES,41.3278,2.0947,56.19,89,20,8.05,few clouds
263,Kavieng,PG,-2.5744,150.7967,80.91,80,100,8.3,light rain
264,Shenjiamen,CN,29.9576,122.298,44.29,68,58,9.24,broken clouds
265,Fiche,ET,9.8,38.7333,55.74,62,98,6.2,light rain
266,Novichikha,RU,52.204,81.3877,-4.31,100,97,3.53,overcast clouds
267,Dingle,PH,10.9995,122.6711,74.23,89,82,9.71,broken clouds
268,Mafeteng,LS,-29.823,27.2374,68.11,32,46,3.96,scattered clouds
269,San Joaquin,US,37.9333,-121.3011,70.79,56,0,0.0,clear sky
270,Touros,BR,-5.1989,-35.4608,86.9,64,5,16.46,clear sky
271,Pacific Grove,US,36.6177,-121.9166,74.39,48,0,4.0,clear sky
272,Alakurtti,RU,66.9672,30.3491,11.46,98,98,2.19,overcast clouds
273,Kampot,KH,10.6167,104.1833,77.05,81,92,3.56,overcast clouds
274,Acarau,BR,-2.8856,-40.12,83.14,73,7,16.06,clear sky
275,Yulara,AU,-25.2406,130.9889,76.82,61,62,9.95,broken clouds
276,Nanortalik,GL,60.1432,-45.2371,12.61,57,0,31.29,clear sky
277,Marsh Harbour,BS,26.5412,-77.0636,74.32,76,14,7.78,few clouds
278,Majengo,TZ,-5.15,38.9833,75.04,87,87,6.2,overcast clouds
279,Komsomolskiy,UZ,40.4272,71.7189,35.02,93,100,3.04,light snow
280,Port-Cartier,CA,50.0334,-66.8654,21.74,94,100,13.98,light snow
281,Hidas,HU,46.2568,18.4954,41.65,75,100,6.82,overcast clouds
282,Sohag,EG,26.557,31.6948,60.58,24,0,7.7,clear sky
283,Teahupoo,PF,-17.8333,-149.2667,80.53,78,86,19.69,overcast clouds
284,Bonavista,CA,48.6499,-53.1147,32.11,79,100,14.67,overcast clouds
285,Nome,US,64.5011,-165.4064,1.47,55,100,20.71,overcast clouds
286,Giraltovce,SK,49.114,21.5173,40.3,93,100,3.15,overcast clouds
287,Lota,CL,-37.0833,-73.1667,76.46,50,8,16.8,clear sky
288,Vanavara,RU,60.34,102.2797,-23.51,98,34,4.63,scattered clouds
289,Aitape,PG,-3.1374,142.3475,76.84,89,46,3.0,scattered clouds
290,Sambava,MG,-14.2667,50.1667,75.58,91,89,4.34,light rain
291,Kiunga,PG,-6.1219,141.2906,72.88,100,100,1.97,moderate rain
292,Vigia,BR,-0.8583,-48.1417,78.85,87,72,7.72,broken clouds
293,Mayumba,GA,-3.432,10.6554,77.97,90,97,7.52,overcast clouds
294,Valdosta,US,30.8327,-83.2785,55.31,54,0,6.91,clear sky
295,Tall Kayf,TR,37.0833,41.0667,45.09,73,100,12.41,overcast clouds
296,Puerto Escondido,MX,15.85,-97.0667,85.03,70,40,11.5,scattered clouds
297,Ust-Kuyga,RU,70.0167,135.6,-42.97,100,100,7.45,overcast clouds
298,Buin,CL,-33.7333,-70.75,91.72,17,2,13.33,clear sky
299,Christchurch,NZ,-43.5333,172.6333,65.03,86,100,4.61,overcast clouds
300,Kaeo,NZ,-35.1,173.7833,74.32,98,89,8.28,overcast clouds
301,Alcala La Real,ES,37.4614,-3.923,49.62,55,0,4.0,clear sky
302,Fenoarivo,MG,-18.933,47.4354,69.87,88,75,4.61,light rain
303,Soeng Sang,TH,14.4264,102.4606,83.52,62,13,2.59,few clouds
304,Ginda,IN,30.6945,78.4932,40.86,68,90,5.1,overcast clouds
305,Cairns,AU,-16.9167,145.7667,75.15,93,22,9.22,few clouds
306,Iqaluit,CA,63.7506,-68.5145,-0.31,77,100,8.99,overcast clouds
307,Lloydminster,CA,53.2835,-110.0016,33.89,85,69,15.82,broken clouds
308,Juneau,US,58.3019,-134.4197,42.8,95,100,24.16,light rain
309,Eching,DE,48.3,11.6167,43.97,67,75,8.05,broken clouds
310,Mahebourg,MU,-20.4081,57.7,75.49,88,40,3.44,scattered clouds
311,Sal Rei,CV,16.1833,-22.9167,70.36,80,0,11.41,clear sky
312,Cabo San Lucas,MX,22.8909,-109.9124,83.5,49,0,8.05,clear sky
313,Santa Maria,BR,-29.6842,-53.8069,85.3,23,0,5.39,clear sky
314,Khuzhir,RU,53.1939,107.3397,4.46,86,20,5.99,few clouds
315,Noumea,NC,-22.2763,166.4572,82.0,99,96,16.69,overcast clouds
316,Saint-Joseph,RE,-21.3667,55.6167,75.58,84,60,9.4,broken clouds
317,Caruray,PH,10.3094,119.0128,77.5,87,58,7.78,broken clouds
318,Tommot,RU,58.9564,126.2925,-9.22,100,100,1.86,overcast clouds
319,Manaus,BR,-3.1019,-60.025,77.49,94,75,17.27,thunderstorm with light rain
320,Minas Novas,BR,-17.2186,-42.5903,75.45,90,100,1.14,overcast clouds
321,Balkanabat,TM,39.5108,54.3671,44.56,52,47,12.86,scattered clouds
322,Monte Alegre,BR,-2.0078,-54.0692,84.42,73,77,3.53,light rain
323,Garissa,KE,-0.4536,39.6401,82.94,36,4,13.51,clear sky
324,Makakilo City,US,21.3469,-158.0858,79.12,59,20,11.5,few clouds
325,Charters Towers,AU,-20.1,146.2667,70.02,88,4,4.85,clear sky
326,College,US,64.8569,-147.8028,-3.42,74,75,5.75,broken clouds
327,Iskateley,RU,67.6803,53.1512,8.96,92,98,15.82,overcast clouds
328,Kralendijk,BQ,12.15,-68.2667,82.38,74,75,18.41,broken clouds
329,Dossor,KZ,47.5272,52.9811,27.88,86,66,7.36,broken clouds
330,Katsuura,JP,35.1333,140.3,42.91,81,90,10.71,overcast clouds
331,Metro,ID,-5.1131,105.3067,75.06,93,100,2.53,light rain
332,Faya,SA,18.3851,42.4509,52.32,66,25,3.65,scattered clouds
333,Antofagasta,CL,-23.65,-70.4,72.21,61,4,9.35,clear sky
334,Tambacounda,SN,13.7539,-13.7586,86.04,9,50,8.03,scattered clouds
335,Nyagan,RU,62.1406,65.3936,2.14,97,81,5.19,broken clouds
336,Buluang,PH,13.3068,123.3425,71.49,91,76,3.91,broken clouds
337,Ugoofaaru,MV,5.6667,73.0,81.97,66,93,13.22,overcast clouds
338,Zhanaozen,KZ,43.3,52.8,32.61,59,100,13.04,overcast clouds
339,Laguna,US,38.421,-121.4238,74.43,53,0,1.01,clear sky
340,La Paz,BO,-16.5,-68.15,62.58,41,40,9.22,scattered clouds
341,Comodoro Rivadavia,AR,-45.8667,-67.5,71.46,21,0,17.27,clear sky
342,Petrovsk-Zabaykalskiy,RU,51.273,108.843,-4.7,100,96,1.48,overcast clouds
343,Avera,US,33.194,-82.5271,53.74,42,100,4.12,overcast clouds
344,Susanville,US,40.4163,-120.653,51.91,40,0,4.61,clear sky
345,Marfino,RU,55.7028,37.3822,31.91,86,75,8.95,broken clouds
346,Cidreira,BR,-30.1811,-50.2056,74.75,64,53,13.44,broken clouds
347,Alytus,LT,54.4,24.05,39.11,89,100,16.8,overcast clouds
348,Sosva,RU,59.1766,61.8558,-3.26,100,87,2.66,overcast clouds
349,Valparaiso,CL,-33.0393,-71.6273,66.47,75,40,11.5,haze
350,Aksu,CN,41.1231,80.2644,28.47,57,100,2.17,overcast clouds
351,San Andres,CO,12.5847,-81.7006,84.22,61,20,9.22,few clouds
352,Kisangani,CD,0.5167,25.2,75.29,58,26,1.32,scattered clouds
353,Hobyo,SO,5.3505,48.5268,76.64,72,29,20.2,scattered clouds
354,Aklavik,CA,68.2191,-135.0107,-41.8,66,40,0.0,fog
355,Ishim,RU,56.1128,69.4902,4.73,96,100,5.37,overcast clouds
356,Chabahar,IR,25.2919,60.643,71.42,53,0,7.61,clear sky
357,Palmer,US,42.1584,-72.3287,41.68,71,75,14.97,broken clouds
358,Gravdal,NO,68.1214,13.5031,35.49,80,75,11.5,light shower snow
359,Dunda,TZ,-8.1167,34.25,64.74,94,97,2.66,light rain
360,Opuwo,NA,-18.0607,13.84,71.31,56,54,8.72,broken clouds
361,Nuuk,GL,64.1835,-51.7216,5.61,66,75,17.27,broken clouds
362,Biltine,TD,14.5333,20.9167,68.45,10,0,5.99,clear sky
363,Yerbogachen,RU,61.2767,108.0108,-17.68,98,100,4.56,overcast clouds
364,Maxixe,MZ,-23.8597,35.3472,73.38,85,0,7.16,clear sky
365,Auki,SB,-8.7676,160.7034,79.9,86,96,11.68,moderate rain
366,Katobu,ID,-4.9408,122.5276,74.71,92,86,1.39,overcast clouds
367,Calnali,MX,20.9167,-98.5833,45.86,75,99,1.81,overcast clouds
368,Daru,PG,-9.0763,143.2092,77.92,88,97,5.82,overcast clouds
369,Pontes E Lacerda,BR,-15.2261,-59.3353,74.03,94,100,1.16,overcast clouds
370,Skjervoy,NO,70.0311,20.9714,32.18,67,100,15.97,overcast clouds
371,Engenheiro Beltrao,BR,-23.7972,-52.2692,83.03,39,0,3.67,clear sky
372,Port Moresby,PG,-9.4431,147.1797,76.55,85,99,1.97,overcast clouds
373,Ulagan,RU,50.6321,87.9563,-6.88,93,95,1.3,overcast clouds
374,Kuloy,RU,61.0305,42.4925,26.46,95,100,7.27,overcast clouds
375,Jubbal,IN,31.1167,77.6667,35.26,83,100,1.57,light snow
376,Iisalmi,FI,63.5592,27.1907,26.62,96,100,7.05,light snow
377,Saldanha,ZA,-33.0117,17.9442,64.09,93,36,10.25,scattered clouds
378,Tekirdag,TR,40.978,27.5085,40.35,72,100,25.52,light rain
379,Ulaanbaatar,MN,47.9077,106.8832,-12.87,77,0,0.0,clear sky
380,Nouadhibou,MR,20.931,-17.0347,66.85,71,96,11.7,overcast clouds
381,Buchen,DE,49.5239,9.3231,44.62,89,100,6.71,overcast clouds
382,Porto Velho,BR,-8.7619,-63.9039,82.45,78,40,4.61,scattered clouds
383,Sangar,RU,63.9242,127.4739,-38.78,100,100,1.86,overcast clouds
384,Richards Bay,ZA,-28.783,32.0377,70.68,89,2,3.0,clear sky
385,Trinidad,BO,-14.8333,-64.9,87.78,58,75,5.75,broken clouds
386,Mahabad,IR,36.7631,45.7222,26.44,89,12,9.71,few clouds
387,Verkhoyansk,RU,67.5447,133.385,-45.94,100,91,1.36,overcast clouds
388,Eau Claire,US,44.8114,-91.4985,34.86,64,40,8.05,scattered clouds
389,Sol-Iletsk,RU,51.1631,54.9918,4.5,99,100,4.43,overcast clouds
390,Chokwe,MZ,-24.5333,32.9833,73.47,81,0,4.81,clear sky
391,Mae Sai,TH,20.4335,99.8762,58.89,69,99,2.64,overcast clouds
392,Carballo,ES,43.213,-8.691,53.87,86,6,3.51,clear sky
393,Rawson,AR,-43.3002,-65.1023,67.03,54,96,21.09,overcast clouds
394,Morondava,MG,-20.2833,44.2833,80.33,80,100,3.02,overcast clouds
395,Foam Lake,CA,51.65,-103.5343,23.61,88,99,17.92,overcast clouds
396,Teseney,ER,15.11,36.6575,75.15,48,5,9.8,clear sky
397,Stephenville,US,32.2207,-98.2023,66.81,22,0,11.5,clear sky
398,Xuchang,CN,34.0167,113.8167,32.88,76,100,5.48,overcast clouds
399,Miramar,US,25.9873,-80.2323,81.01,66,75,6.91,broken clouds
400,Kysyl-Syr,RU,63.8986,122.7617,-43.33,100,90,0.31,overcast clouds
401,Akot,IN,21.0964,77.0586,71.28,45,97,3.18,overcast clouds
402,Arawa,PG,-6.2132,155.5367,78.28,91,100,3.4,overcast clouds
403,Saint-Augustin,CA,51.226,-58.6502,15.93,93,92,8.88,overcast clouds
404,Ostrovnoy,RU,68.0531,39.5131,14.31,89,49,15.61,scattered clouds
405,Fort Frances,CA,48.5999,-93.4003,38.16,72,100,11.5,overcast clouds
406,Clyde River,CA,70.4692,-68.5914,-23.57,69,75,0.0,broken clouds
407,Yanam,IN,16.7333,82.2167,68.41,85,14,1.86,few clouds
408,Huautla,MX,21.0333,-98.2833,54.64,65,98,1.01,overcast clouds
409,Ketchikan,US,55.3422,-131.6461,43.27,87,100,18.41,moderate rain
410,Seoul,KR,37.5683,126.9778,24.24,42,100,1.48,overcast clouds
411,Dikson,RU,73.5069,80.5464,2.07,95,100,21.9,overcast clouds
412,Bengkulu,ID,-3.8004,102.2655,76.32,85,100,5.39,overcast clouds
413,Port Hardy,CA,50.6996,-127.4199,46.76,93,100,20.71,moderate rain
414,Requena,ES,39.4883,-1.1004,46.99,86,0,4.05,clear sky
415,Calama,CL,-22.4667,-68.9333,75.69,11,0,23.02,clear sky
416,Swan Hill,AU,-35.3378,143.5544,72.9,43,94,2.28,overcast clouds
417,Port-De-Bouc,FR,43.4,4.9833,50.02,79,0,5.75,clear sky
418,Paamiut,GL,61.994,-49.6678,-0.83,83,100,9.01,overcast clouds
419,La Ronge,CA,55.1001,-105.2842,17.82,79,100,17.27,overcast clouds
420,Khorixas,NA,-20.3667,14.9667,72.55,65,100,14.63,overcast clouds
421,Husavik,IS,66.0449,-17.3389,29.64,92,100,23.82,snow
422,Linjiang,CN,41.8069,126.9078,3.61,98,20,1.54,few clouds
423,Botou,CN,38.0667,116.5667,33.19,49,100,6.15,overcast clouds
424,Envira,BR,-7.3,-70.2167,78.21,92,96,2.55,overcast clouds
425,Pyatnitskoye,RU,50.4233,37.8273,32.99,100,100,3.58,snow
426,Merke,KZ,42.8728,73.1786,33.19,79,100,4.76,overcast clouds
427,Ust-Koksa,RU,50.2696,85.6108,5.49,98,100,0.29,overcast clouds
428,Ust-Kulom,RU,61.6864,53.6902,5.13,97,94,6.2,overcast clouds
429,Skofja Loka,SI,46.1655,14.3063,41.41,50,0,0.0,clear sky
430,Mehamn,NO,71.0357,27.8492,30.38,88,93,16.46,overcast clouds
431,Dunmore Town,BS,25.5,-76.65,75.16,75,11,4.85,few clouds
432,Blackwater,AU,-23.5833,148.8833,68.18,74,51,5.7,broken clouds
433,Benin,BJ,9.5,2.25,83.07,15,13,4.25,few clouds
434,Hillsboro,US,45.5229,-122.9898,54.91,81,100,4.61,mist
435,Kerema,PG,-7.9631,145.7785,77.81,82,96,3.4,overcast clouds
436,Sargatskoye,RU,55.6101,73.4972,3.13,98,86,6.29,overcast clouds
437,Alugan,PH,12.2188,125.4808,79.41,72,100,11.48,overcast clouds
438,Kurumkan,RU,54.3,110.3,-2.63,91,93,4.27,overcast clouds
439,Tieling,CN,42.2931,123.8414,21.27,69,7,5.55,clear sky
440,Laslea,RO,46.2167,24.65,33.24,82,20,6.11,few clouds
441,Ferme-Neuve,CA,46.7001,-75.4493,30.45,83,100,4.0,overcast clouds
442,Mogadishu,SO,2.0371,45.3438,77.07,85,10,20.18,clear sky
443,Barra Do Garcas,BR,-15.89,-52.2567,84.18,67,83,4.38,broken clouds
444,Zile,TR,40.3031,35.8864,38.52,92,100,3.47,overcast clouds
445,Zyryanka,RU,65.75,150.85,-46.01,100,66,4.65,broken clouds
446,Carahue,CL,-38.7,-73.1667,77.2,55,41,10.2,scattered clouds
447,Morgan Hill,US,37.1305,-121.6544,71.92,32,0,10.36,clear sky
448,Sadao,TH,6.6388,100.4234,76.82,93,79,3.29,broken clouds
449,Sondershausen,DE,51.3667,10.8667,48.06,86,100,15.12,overcast clouds
450,Petropavlovsk-Kamchatskiy,RU,53.0452,158.6483,16.39,93,75,2.24,broken clouds
451,Sakakah,SA,29.9697,40.2064,55.92,31,0,8.48,clear sky
452,Mormugao,IN,15.4,73.8,70.92,84,14,12.82,few clouds
453,Totma,RU,59.9747,42.7642,26.46,97,100,6.8,light snow
454,Oranjemund,NA,-28.55,16.4333,65.55,89,15,6.31,few clouds
455,Kamenka,RU,51.3223,42.7678,32.76,93,100,14.74,overcast clouds
456,Svetlyy,RU,54.675,20.1347,41.05,82,6,23.35,clear sky
457,Imbituba,BR,-28.24,-48.6703,75.09,62,1,9.17,clear sky
458,Bogale,MM,16.2833,95.4,63.61,65,85,6.51,overcast clouds
459,Grindavik,IS,63.8424,-22.4338,30.67,100,75,8.05,light shower snow
460,Mahon,ES,39.8885,4.2658,50.56,93,20,4.61,few clouds
461,Luena,AO,-11.7833,19.9167,62.02,93,95,4.0,overcast clouds
462,Coihaique,CL,-45.5752,-72.0662,66.81,34,20,10.36,few clouds
463,Manokwari,ID,-0.8667,134.0833,77.45,82,88,5.41,moderate rain
464,Takoradi,GH,4.8845,-1.7554,79.83,83,12,9.46,few clouds
465,Kamphaeng Phet,TH,16.25,99.5,74.82,46,100,3.58,overcast clouds
466,Poum,NC,-20.2333,164.0167,81.75,85,100,26.19,overcast clouds
467,Boyuibe,BO,-20.4167,-63.2833,88.14,28,33,8.46,scattered clouds
468,Pyay,MM,18.8167,95.2167,63.09,37,100,2.1,overcast clouds
469,Mporokoso,ZM,-9.3727,30.125,62.22,96,95,2.3,overcast clouds
470,Turbat,PK,26.0023,63.044,68.49,30,0,5.5,clear sky
471,Neiafu,TO,-18.65,-173.9833,78.98,84,100,24.56,overcast clouds
472,Kruisfontein,ZA,-34.0033,24.7314,68.23,60,0,3.15,clear sky
473,Sahuaripa,MX,29.05,-109.2333,70.07,16,0,6.24,clear sky
474,Raga,SS,8.4596,25.678,72.21,17,12,2.19,few clouds
475,Zimovniki,RU,47.1483,42.4633,37.42,79,100,12.66,moderate rain
476,Manakara,MG,-22.1333,48.0167,78.12,93,100,12.66,light rain
477,Harper,LR,4.375,-7.7169,79.18,84,5,8.16,clear sky
478,Asyut,EG,27.181,31.1837,59.45,25,0,4.94,clear sky
479,Torbay,CA,47.6666,-52.7314,29.57,80,100,7.0,overcast clouds
480,Zenica,BA,44.2014,17.9064,30.61,89,87,2.04,overcast clouds
481,Kushiro,JP,42.975,144.3747,18.03,87,89,3.44,overcast clouds
482,Goulburn,AU,-34.75,149.7167,55.65,65,0,3.76,clear sky
483,Scarborough,GB,54.2797,-0.4044,53.53,90,100,5.01,overcast clouds
484,Prince Rupert,CA,54.3161,-130.3201,39.52,94,100,11.61,moderate rain
485,Biala Podlaska,PL,52.0324,23.1165,38.28,94,100,18.16,overcast clouds
486,Batagay-Alyta,RU,67.8006,130.4114,-32.8,97,64,4.05,broken clouds
487,Kashi,CN,39.4547,75.9797,26.31,57,100,2.93,overcast clouds
488,Napier,NZ,-39.4833,176.9167,72.28,84,99,4.0,overcast clouds
489,San Patricio,US,28.017,-97.5169,70.21,28,0,3.04,clear sky
490,Yarada,IN,17.65,83.2667,70.12,88,20,2.3,mist
491,Borogontsy,RU,62.6683,131.1683,-30.59,100,100,0.96,overcast clouds
492,Jobner,IN,26.9667,75.3833,60.22,56,80,7.87,broken clouds
493,Canutama,BR,-6.5339,-64.3831,79.36,92,100,2.8,overcast clouds
494,Araouane,ML,18.9048,-3.5265,71.71,9,0,10.47,clear sky
495,Sobue,JP,35.25,136.7167,37.35,78,100,4.97,overcast clouds
496,Samaipata,BO,-18.15,-63.8667,66.42,53,95,3.06,overcast clouds
497,Hutchinson,US,38.0608,-97.9298,61.29,25,0,14.97,clear sky
498,Juba,SS,4.8517,31.5825,79.63,26,26,3.0,scattered clouds
499,Hovd,MN,48.0056,91.6419,-11.96,79,12,2.71,few clouds
500,Huron,US,41.1501,-82.5499,31.51,63,15,11.21,few clouds
501,Lichtenau,DE,51.6167,8.9,46.78,83,100,12.66,overcast clouds
502,Anadyr,RU,64.75,177.4833,-30.5,68,20,13.42,few clouds
503,Hailin,CN,44.5833,129.4167,-4.99,100,66,1.59,broken clouds
504,Itarema,BR,-2.9248,-39.9167,82.9,72,7,14.72,clear sky
505,Kampil,IN,27.6167,79.2833,58.84,76,11,5.32,few clouds
506,Emmett,US,43.8735,-116.4993,40.55,66,32,1.74,scattered clouds
507,Jose Bonifacio,BR,-21.0528,-49.6883,84.4,59,31,5.26,scattered clouds
508,Fairbanks,US,64.8378,-147.7164,-3.41,74,0,5.75,clear sky
509,Sakaiminato,JP,35.55,133.2333,43.92,79,100,18.03,overcast clouds
510,Kenai,US,60.5544,-151.2583,31.03,93,100,13.8,light snow
511,Aasiaat,GL,68.7098,-52.8699,-9.63,92,100,14.07,overcast clouds
512,Elizabeth City,US,36.2946,-76.2511,50.05,75,0,8.99,clear sky
513,Suihua,CN,46.6406,126.9969,-1.28,100,100,6.42,overcast clouds
514,Necochea,AR,-38.5473,-58.7368,75.72,47,8,9.31,clear sky
515,Minab,IR,27.1467,57.0801,62.1,60,0,1.88,clear sky
516,Buchanan,LR,5.8808,-10.0467,80.56,78,83,9.35,broken clouds
517,Berlevag,NO,70.8578,29.0864,26.55,68,75,12.66,broken clouds
518,Lagos,NG,6.5833,3.75,79.07,85,95,6.8,overcast clouds
519,Odweyne,SO,9.4092,45.064,67.55,41,21,5.97,few clouds
520,Krasnofarfornyy,RU,59.1364,31.8502,22.87,97,100,4.34,overcast clouds
521,Gat,IL,31.61,34.7642,57.4,57,55,4.99,broken clouds
522,Deori,IN,21.45,82.6167,63.82,31,29,2.46,scattered clouds
523,Ormara,PK,25.2088,64.6357,70.18,66,0,13.6,clear sky
524,Borazjan,IR,29.2666,51.2159,56.21,56,0,0.54,clear sky
525,Suba,PH,10.8438,121.0102,79.68,84,94,22.86,overcast clouds
526,Ancud,CL,-41.8697,-73.8203,72.23,59,100,8.72,overcast clouds
527,Northam,GB,51.0333,-4.2167,50.4,89,100,15.14,overcast clouds
528,Colesberg,ZA,-30.72,25.0972,75.2,39,7,12.44,clear sky
529,San Pedro Del Pinatar,ES,37.8357,-0.791,56.28,78,0,4.61,clear sky
530,Progreso,MX,21.2833,-89.6667,71.71,80,100,24.34,overcast clouds
531,Baghdad,IQ,33.3406,44.4009,55.31,47,0,5.75,clear sky
532,Raichur,IN,16.2,77.3667,72.57,61,63,12.77,broken clouds
533,Kamaishi,JP,39.2667,141.8833,29.82,66,6,6.22,clear sky
534,Narasannapeta,IN,18.4167,84.05,69.57,78,13,1.01,few clouds
535,Flin Flon,CA,54.7682,-101.865,24.64,80,100,12.66,overcast clouds
536,Sinnamary,GF,5.3833,-52.95,80.19,77,84,8.39,broken clouds
537,Ayr,GB,55.4627,-4.6339,46.38,81,75,12.66,broken clouds
538,Zvenigovo,RU,55.9742,48.0181,23.95,96,96,7.25,overcast clouds
539,Denpasar,ID,-8.65,115.2167,76.71,100,75,1.14,broken clouds
540,Karpogory,RU,64.0019,44.4451,18.46,93,94,8.63,overcast clouds
541,Humberto De Campos,BR,-2.5983,-43.4611,81.61,80,47,6.69,scattered clouds
542,Pafos,CY,34.7667,32.4167,62.51,77,20,9.22,few clouds
543,Boguchany,RU,58.3814,97.4531,-22.29,100,66,3.74,broken clouds
544,Santo Tomas,PH,14.1079,121.1414,77.32,88,16,7.11,few clouds
545,Bangassou,CF,4.7413,22.8184,75.51,27,49,1.9,scattered clouds
546,Buala,SB,-8.145,159.5921,80.58,83,98,10.83,overcast clouds
547,Ucluelet,CA,48.9329,-125.5528,45.09,93,100,5.68,overcast clouds
548,Temir,KZ,49.1414,57.13,14.43,98,95,6.6,overcast clouds
549,Tevaitoa,PF,-16.7833,-151.5,81.55,78,99,19.84,overcast clouds
550,Broome,US,42.2506,-75.833,35.02,69,100,11.5,overcast clouds
551,Namatanai,PG,-3.6667,152.4333,79.21,82,100,3.24,light rain
552,Port Hedland,AU,-20.3167,118.5667,77.05,83,62,3.44,broken clouds
553,Rosarito,MX,32.3333,-117.0333,81.41,22,8,3.83,clear sky
554,Den Helder,NL,52.9599,4.7593,49.95,89,100,18.41,overcast clouds
555,San Policarpo,PH,12.1791,125.5072,80.1,70,100,12.24,overcast clouds
556,Yuci,CN,37.6803,112.7319,17.35,73,15,2.24,few clouds
557,Puerto Baquerizo Moreno,EC,-0.9,-89.6,81.59,69,40,14.97,scattered clouds
558,Lorengau,PG,-2.0226,147.2712,81.45,81,96,8.61,overcast clouds
559,Sungairaya,ID,0.7,108.9,75.97,89,96,2.46,moderate rain
560,Minsk,BY,53.9,27.5667,29.95,97,100,15.46,light snow
561,San Juan,AR,-31.5375,-68.5364,93.27,18,0,6.55,clear sky
562,Lagoa Vermelha,BR,-28.2086,-51.5258,79.39,27,0,7.52,clear sky
563,Ippy,CF,6.2679,21.2247,80.19,17,98,3.42,overcast clouds
564,Ranong,TH,9.9658,98.6348,75.25,88,7,3.49,clear sky
565,Teya,RU,60.3778,92.6267,-23.37,100,44,0.78,scattered clouds
566,Campbell River,CA,50.0163,-125.2446,42.6,100,100,2.3,mist
567,Canyon,US,34.9803,-101.9188,63.52,23,1,18.52,clear sky
568,Hakkari,TR,37.5833,44.1667,21.51,98,95,2.15,overcast clouds
569,Emborion,GR,40.4833,21.55,30.56,70,3,9.04,clear sky
570,Belogorsk,RU,50.9158,128.4611,-0.38,96,100,6.17,overcast clouds
571,Tsaratanana,MG,-16.7833,47.65,73.11,96,100,2.28,overcast clouds
572,Miandrivazo,MG,-19.5167,45.4667,78.12,88,100,1.48,light rain
573,San Quintin,MX,30.4833,-115.95,69.82,20,1,6.98,clear sky
574,Am Timan,TD,11.0297,20.2827,77.77,14,4,4.21,clear sky
575,Ohangaron,UZ,40.9064,69.6383,33.94,90,100,1.34,overcast clouds
576,Jian,CN,27.1172,114.9793,39.11,89,100,5.1,overcast clouds
577,Ngunguru,NZ,-35.6167,174.5,74.16,99,79,10.25,broken clouds
578,Bonfim,BR,3.0833,-59.95,95.68,30,98,6.13,overcast clouds
579,Salta,AR,-24.7859,-65.4117,75.49,63,92,5.99,overcast clouds
580,Hornepayne,CA,49.2138,-84.7705,26.91,81,100,9.6,overcast clouds
581,Akdagmadeni,TR,39.6603,35.8836,37.99,74,100,16.42,overcast clouds
582,Majene,ID,-3.5403,118.9707,77.65,86,100,5.06,overcast clouds
583,Batagay,RU,67.6333,134.6333,-44.91,98,91,3.04,overcast clouds
584,Pangnirtung,CA,66.1451,-65.7125,-9.4,77,100,4.61,light snow
585,Amos,CA,48.5669,-78.1162,27.18,90,100,4.03,overcast clouds
586,Lakselv,NO,70.0513,24.9718,26.42,74,100,21.85,overcast clouds
587,Barcelona,ES,41.3888,2.159,55.78,88,20,8.05,few clouds
588,Carupano,VE,10.6678,-63.2585,80.49,70,87,12.95,overcast clouds
589,Omboue,GA,-1.5746,9.2618,78.51,84,100,6.08,overcast clouds
590,Union,US,40.6334,-74.2663,43.21,59,100,18.41,overcast clouds
591,Nara,JP,34.6851,135.8049,38.48,62,100,0.89,overcast clouds
592,Mitsamiouli,KM,-11.3847,43.2844,81.25,79,100,9.66,overcast clouds
593,Adre,TD,13.4667,22.2,66.07,11,11,7.83,few clouds
594,Celestun,MX,20.8667,-90.4,69.28,81,100,22.75,overcast clouds
595,Huilong,CN,31.8111,121.655,41.04,72,81,6.24,light rain
596,Puerto Narino,CO,-3.7703,-70.3831,85.95,85,100,3.31,overcast clouds
597,George,ZA,-33.963,22.4617,69.21,66,59,3.83,broken clouds
598,Okha,RU,53.5739,142.9478,15.8,93,100,18.63,light snow
599,Evensk,RU,61.95,159.2333,-6.27,70,9,7.49,clear sky
600,Kahului,US,20.8947,-156.47,79.86,65,20,18.41,few clouds
601,Kolondieba,ML,11.0882,-6.8926,81.37,13,65,5.06,broken clouds
602,Winnemucca,US,40.973,-117.7357,52.11,35,0,6.91,clear sky
603,Hohhot,CN,40.8106,111.6522,10.69,52,0,4.47,clear sky
604,Sorland,NO,67.667,12.6934,35.67,58,100,31.79,light rain
605,Pokrovsk,UA,48.282,37.1758,32.83,99,100,3.58,overcast clouds
606,Alofi,NU,-19.0595,-169.9187,73.29,85,100,5.75,shower rain
607,Kayanga,TZ,-1.5303,31.1511,61.25,78,64,1.19,broken clouds
608,Brigantine,US,39.4101,-74.3646,46.06,56,0,14.97,clear sky
609,Kyra,RU,49.5776,111.9753,1.78,94,99,4.07,overcast clouds
610,Barahona,DO,18.2085,-71.1008,84.02,58,20,18.41,few clouds
611,Ferrol,ES,43.4832,-8.2369,55.65,70,6,4.45,clear sky
612,Paita,PE,-5.0892,-81.1144,81.16,67,31,14.85,scattered clouds
613,Moranbah,AU,-22.0016,148.0466,68.47,81,3,2.33,clear sky
614,Kiama,AU,-34.6833,150.8667,61.38,91,2,5.88,clear sky
615,Ara,IN,25.5667,84.6667,51.69,75,0,5.1,clear sky
616,Lodja,CD,-3.4833,23.4333,72.82,83,88,1.68,overcast clouds
617,Russkaya Polyana,UA,49.417,31.9201,31.12,80,100,7.85,overcast clouds
618,Vallenar,CL,-28.5708,-70.7581,85.15,33,0,10.74,clear sky
619,Davidson,US,36.1501,-86.7833,57.72,34,0,11.99,clear sky
620,Uvat,RU,59.1433,68.8953,3.31,97,39,6.04,scattered clouds
621,Port-Gentil,GA,-0.7193,8.7815,80.76,79,95,8.77,overcast clouds
622,Codrington,AU,-38.2667,141.9667,67.17,70,99,5.44,overcast clouds
623,Hofn,IS,64.2539,-15.2082,29.41,66,100,11.03,overcast clouds
624,Ozernovskiy,RU,51.5,156.5167,26.85,80,100,13.65,overcast clouds
625,Dymer,UA,50.7865,30.3026,34.56,90,100,8.21,overcast clouds
626,Karratha,AU,-20.7377,116.8463,82.71,76,94,9.13,overcast clouds
627,Surt,LY,31.2089,16.5887,57.4,60,100,22.46,overcast clouds
628,Quatre Cocos,MU,-20.2078,57.7625,75.31,80,93,7.7,overcast clouds
629,Inuvik,CA,68.3499,-133.7218,-33.74,67,20,2.3,few clouds
630,Hervey Bay,AU,-25.2986,152.8535,66.04,89,38,8.99,scattered clouds
631,San Isidro,PE,-12.1167,-77.05,75.25,71,20,9.22,few clouds
632,Aginskoye,RU,51.1,114.53,1.2,92,35,8.37,scattered clouds
633,Gari,RU,59.4307,62.3497,-1.37,100,80,4.18,broken clouds
634,Ohaba,RO,46.0706,23.7894,31.82,83,42,5.61,scattered clouds
635,Lesnoye,RU,58.2841,35.5158,26.74,95,94,6.51,overcast clouds
636,Chupa,RU,66.27,33.0549,15.49,97,95,4.99,overcast clouds
637,Sfantu Gheorghe,RO,45.8667,25.7833,32.67,89,96,11.83,overcast clouds
638,Smithers,CA,54.7804,-127.1743,37.72,70,75,4.61,broken clouds
639,Rognan,NO,67.0953,15.3878,33.94,95,91,7.63,snow
640,Latung,PH,5.5,120.8833,81.12,76,100,4.45,moderate rain
641,Selkirk,CA,50.1436,-96.8845,36.41,90,98,18.9,overcast clouds
642,Louis Trichardt,ZA,-23.0439,29.9032,70.05,71,38,2.3,scattered clouds
643,Mount Gambier,AU,-37.8333,140.7667,62.51,88,75,10.36,broken clouds
644,Tabou,CI,4.423,-7.3528,79.32,84,5,9.01,clear sky
645,Saint-Georges,GD,12.0564,-61.7485,83.88,61,20,18.41,few clouds
646,Bonito,BR,-21.1211,-56.4819,92.66,13,0,9.42,clear sky
647,Mackay,AU,-21.15,149.2,68.68,74,2,4.03,clear sky
648,Rawah,IQ,34.4816,41.9093,54.32,59,100,12.86,overcast clouds
649,Iringa,TZ,-7.7667,35.7,59.23,95,100,2.98,light rain
650,Samus,RU,56.7475,84.6992,-2.88,99,15,4.45,few clouds
651,Chimbote,PE,-9.0853,-78.5783,76.01,66,42,10.74,scattered clouds
652,Safford,US,32.834,-109.7076,62.92,24,0,4.12,clear sky
653,Warrnambool,AU,-38.3833,142.4833,66.81,71,81,4.56,broken clouds
654,Salekhard,RU,66.53,66.6019,-17.41,100,100,5.1,overcast clouds
655,Jizan,SA,17.3333,42.6667,77.94,67,3,2.1,clear sky
656,Sukhoy Log,RU,56.9094,62.0296,9.45,97,94,5.93,overcast clouds
657,Ixtapa,MX,20.7,-105.2,74.43,69,0,9.22,clear sky
658,Coquimbo,CL,-29.9533,-71.3436,69.53,68,40,13.8,scattered clouds
659,Esmeraldas,BR,-19.7625,-44.3139,72.64,94,100,5.97,overcast clouds
660,Piacabucu,BR,-10.4056,-36.4344,82.99,68,0,11.56,clear sky
661,Srivardhan,IN,18.0333,73.0167,67.75,83,8,6.2,clear sky
662,Pierre,US,44.3683,-100.351,54.86,28,0,45.01,clear sky
663,Jardim,BR,-21.4803,-56.1381,91.45,15,1,8.03,clear sky
664,Pingzhuang,CN,42.0372,119.2889,19.02,49,60,2.01,broken clouds
665,Kamogawa,JP,35.1,140.1,42.1,85,72,8.66,broken clouds
666,Tuatapere,NZ,-46.1333,167.6833,53.82,87,94,3.67,overcast clouds
667,Diamantino,BR,-14.4086,-56.4461,79.16,79,100,2.26,overcast clouds
668,Puerto Del Rosario,ES,28.5004,-13.8627,73.15,46,0,2.3,clear sky
669,Praia,CV,14.9215,-23.5087,72.14,73,0,16.11,clear sky
670,Sadri,IN,25.1833,73.4333,63.54,48,0,6.31,clear sky
671,Ballina,AU,-28.8667,153.5667,61.95,89,21,5.28,few clouds
672,Fort Morgan,US,40.2503,-103.8,48.94,36,0,23.02,clear sky
673,Lixourion,GR,38.2019,20.4314,48.72,44,0,17.38,clear sky
674,Basco,PH,20.4487,121.9702,73.2,84,100,25.39,overcast clouds
675,Shalakusha,RU,62.2247,40.2539,20.5,97,93,5.26,overcast clouds
676,Anakapalle,IN,17.6833,83.0167,69.75,84,2,1.74,clear sky
677,Kita,ML,13.0349,-9.4895,80.73,9,0,5.17,clear sky
678,Elko,US,41.0002,-115.5012,48.06,31,0,1.97,clear sky
679,Saint-Francois,FR,46.4154,3.9054,36.84,85,0,1.14,clear sky
680,Altamira,BR,-3.2033,-52.2064,84.29,79,75,4.61,broken clouds
681,Orlik,RU,52.5178,99.825,-14.66,97,88,0.96,overcast clouds
682,Bosobolo,CD,4.1833,19.9,77.95,24,52,0.07,broken clouds
683,Plainfield,US,40.6168,-74.4173,43.0,60,100,18.41,overcast clouds
684,Almaznyy,RU,48.0448,40.045,37.54,99,100,9.4,moderate rain
685,Hualmay,PE,-11.0964,-77.6139,74.93,68,33,9.42,scattered clouds
686,Port Arthur,CN,38.8,121.2667,23.22,56,92,7.05,overcast clouds
687,La Solana,ES,38.9442,-3.2381,51.51,44,0,4.5,clear sky
688,Grand Gaube,MU,-20.0064,57.6608,75.6,79,67,1.99,broken clouds
689,Bowen,AU,-20.0167,148.2333,74.86,76,6,6.93,clear sky
690,Coahuayana,MX,18.7333,-103.6833,89.08,39,0,7.99,clear sky
691,Hay River,CA,60.8156,-115.7999,-9.42,70,75,6.91,light snow
692,Santa Cruz,BO,-17.8,-63.1667,89.65,40,40,14.97,scattered clouds
693,Half Moon Bay,US,37.4636,-122.4286,73.15,47,0,6.91,haze
694,Pandamatenga,BW,-18.5278,25.627,68.0,80,40,3.89,scattered clouds
695,Katangli,RU,51.7102,143.2326,13.59,94,100,14.79,snow
696,Naze,JP,28.3667,129.4833,57.09,78,92,13.82,overcast clouds
697,Tambo,PE,-14.8,-73.9167,49.98,48,82,13.58,broken clouds
698,San Luis,AR,-33.295,-66.3356,89.17,21,0,4.63,clear sky
699,Borovoy,RU,55.4333,86.0833,0.68,78,0,11.18,clear sky
700,Dharchula,IN,29.85,80.5333,45.95,59,67,5.37,broken clouds
701,Kavarna,BG,43.4333,28.3333,36.68,77,72,22.86,broken clouds
702,Muzhi,RU,65.3667,64.6667,-15.81,100,99,4.34,overcast clouds
703,Tambopata,PE,-12.7333,-69.1833,87.69,58,40,2.3,scattered clouds
704,Beyneu,KZ,45.3167,55.2,29.5,76,53,8.68,broken clouds
705,Praia Da Vitoria,PT,38.7333,-27.0667,59.76,88,75,10.38,broken clouds
706,Bud,US,39.447,-86.1758,48.47,62,5,9.98,clear sky
707,Ploemeur,FR,47.7333,-3.4333,45.86,97,100,4.61,overcast clouds
708,Marmaris,TR,36.855,28.2742,49.95,74,99,5.35,overcast clouds
